,Sub Index,Open,High,Low,Close,Point,% Change,Turnover
0,Banking SubIndex,1503.93,1504.1,1491.6,1499.86,-2.03,-0.13,804380088.16
1,Development Bank Index,5423.02,5423.02,5345.27,5382.0,-24.64,-0.45,313736780.6
2,Finance Index,2230.52,2230.52,2192.07,2207.17,-7.1,-0.32,64378320.2
3,Hotels And Tourism,7103.16,7109.87,7001.16,7061.48,-46.67,-0.65,79408651.4
4,HydroPower Index,3571.9,3572.84,3527.48,3547.52,-18.71,-0.52,1523078408.0
5,Investment,95.15,96.0,95.01,95.31,-0.21,-0.22,349522167.3
6,Life Insurance,11954.46,11954.46,11656.63,11741.65,-44.38,-0.37,98406522.4
7,Manufacturing And Processing,10820.62,10825.66,10666.61,10746.08,-54.52,-0.5,735253836.7
8,Microfinance Index,4511.32,4521.37,4472.75,4496.14,-24.96,-0.55,162623032.8
9,Mutual Fund,19.51,19.51,19.41,19.43,-0.08,-0.43,5417190.91
10,Non Life Insurance,9517.39,9537.24,9452.33,9528.27,10.88,0.11,56545639.0
11,Others Index,1793.45,1834.65,1793.45,1821.82,2.19,0.12,80642221.8
12,Trading Index,3131.29,3289.54,3125.04,3216.3,-61.42,-1.87,21599515.2
